dataset,model,lr,standardize,epochs,acc,std
emodb_full,wavlm,0.0001,True,5,0.32721872816212433,0.06816278533767343
emodb_full,wavlm,0.0001,True,10,0.456324248777079,0.06221629456009126
emodb_full,wavlm,0.0001,True,20,0.596261355695318,0.053000859529244666
emodb_full,wavlm,0.0001,True,50,0.7699860237596088,0.0676892523301363
emodb_full,wavlm,0.0001,True,100,0.8280573025856046,0.053711999340289876
emodb_full,wavlm,0.0001,True,200,0.8915793151642208,0.03255421208017326
emodb_full,wavlm,0.0001,False,5,0.25440251572327044,0.08015404834679553
emodb_full,wavlm,0.0001,False,10,0.29178895877009087,0.06275282866497267
emodb_full,wavlm,0.0001,False,20,0.31219426974143955,0.050957206037085846
emodb_full,wavlm,0.0001,False,50,0.48235499650593994,0.06464299723058886
emodb_full,wavlm,0.0001,False,100,0.5906009783368273,0.0702038614350064
emodb_full,wavlm,0.0001,False,200,0.6784416491963661,0.08292684621669502
emodb_full,wavlm,0.001,True,20,0.8916142557651991,0.03243806142308448
emodb_full,wavlm,0.001,True,200,0.9121593291404612,0.026356013367278126
emodb_full,wavlm,0.001,False,20,0.6691474493361285,0.07341803795675911
emodb_full,wavlm,0.001,False,200,0.8804332634521315,0.03519736390376685
emodb_full,emotion2vec,0.0001,True,5,0.23549965059399022,0.07626110236602382
emodb_full,emotion2vec,0.0001,True,10,0.3548218029350105,0.05189597449567815
emodb_full,emotion2vec,0.0001,True,20,0.539727463312369,0.08710128772574213
emodb_full,emotion2vec,0.0001,True,50,0.7044025157232704,0.07390705723456469
emodb_full,emotion2vec,0.0001,True,100,0.8018169112508735,0.05454659423607376
emodb_full,emotion2vec,0.0001,True,200,0.8374213836477986,0.05548679160058225
emodb_full,emotion2vec,0.0001,False,5,0.1721174004192872,0.06848876731131985
emodb_full,emotion2vec,0.0001,False,10,0.20932914046121592,0.04828927860413075
emodb_full,emotion2vec,0.0001,False,20,0.23749126484975544,0.044897441086378886
emodb_full,emotion2vec,0.0001,False,50,0.24682040531097132,0.046216259284047496
emodb_full,emotion2vec,0.0001,False,100,0.3252620545073376,0.0671165704685233
emodb_full,emotion2vec,0.0001,False,200,0.4822501747030049,0.07067600652258592
emodb_full,emotion2vec,0.001,True,20,0.8317959468902865,0.059499921153498656
emodb_full,emotion2vec,0.001,True,200,0.856114605171209,0.060260083943896106
emodb_full,emotion2vec,0.001,False,20,0.47103424178895875,0.058073257311414474
emodb_full,emotion2vec,0.001,False,200,0.8074772886093641,0.05951104566798881
ravdess_full,wavlm,0.0001,True,5,0.34791666666666665,0.032150102880493824
ravdess_full,wavlm,0.0001,True,10,0.4576388888888888,0.03562860214503691
ravdess_full,wavlm,0.0001,True,20,0.5416666666666667,0.04153786677066288
ravdess_full,wavlm,0.0001,True,50,0.6465277777777778,0.028246432334780743
ravdess_full,wavlm,0.0001,True,100,0.7069444444444445,0.02715347833076886
ravdess_full,wavlm,0.0001,True,200,0.7555555555555555,0.027350102755077647
ravdess_full,wavlm,0.0001,False,5,0.2458333333333333,0.03528859074103612
ravdess_full,wavlm,0.0001,False,10,0.32708333333333334,0.03809962978984779
ravdess_full,wavlm,0.0001,False,20,0.37638888888888883,0.04227944465492917
ravdess_full,wavlm,0.0001,False,50,0.40625,0.04407276102930501
ravdess_full,wavlm,0.0001,False,100,0.4541666666666667,0.041820702928282265
ravdess_full,wavlm,0.0001,False,200,0.5347222222222223,0.035105904833571996
ravdess_full,wavlm,0.001,True,20,0.7430555555555556,0.034334252255072535
ravdess_full,wavlm,0.001,True,200,0.7909722222222223,0.023252081488606812
ravdess_full,wavlm,0.001,False,20,0.5305555555555554,0.036188189344190366
ravdess_full,wavlm,0.001,False,200,0.725,0.030216979392742076
ravdess_full,emotion2vec,0.0001,True,5,0.3055555555555555,0.04330621975432803
ravdess_full,emotion2vec,0.0001,True,10,0.3847222222222222,0.03177288877180276
ravdess_full,emotion2vec,0.0001,True,20,0.46319444444444446,0.04343594411805286
ravdess_full,emotion2vec,0.0001,True,50,0.5729166666666666,0.04118158998763239
ravdess_full,emotion2vec,0.0001,True,100,0.6395833333333334,0.056174217355235576
ravdess_full,emotion2vec,0.0001,True,200,0.6708333333333334,0.0559591819199697
ravdess_full,emotion2vec,0.0001,False,5,0.2034722222222222,0.03258055596342926
ravdess_full,emotion2vec,0.0001,False,10,0.2479166666666667,0.03761841158609214
ravdess_full,emotion2vec,0.0001,False,20,0.2833333333333333,0.02996768950496715
ravdess_full,emotion2vec,0.0001,False,50,0.33125,0.027787421165597456
ravdess_full,emotion2vec,0.0001,False,100,0.3729166666666667,0.019102482440534956
ravdess_full,emotion2vec,0.0001,False,200,0.42361111111111105,0.03053450453303917
ravdess_full,emotion2vec,0.001,True,20,0.6680555555555555,0.05563266253999927
ravdess_full,emotion2vec,0.001,True,200,0.7215277777777777,0.034248309060818986
ravdess_full,emotion2vec,0.001,False,20,0.42777777777777776,0.03998670904016516
ravdess_full,emotion2vec,0.001,False,200,0.6166666666666667,0.036863017106285915
subesco_full,wavlm,0.0001,True,5,0.5094285714285715,0.01758942168185301
subesco_full,wavlm,0.0001,True,10,0.5921428571428572,0.020955086405417264
subesco_full,wavlm,0.0001,True,20,0.6597142857142857,0.02277564837123542
subesco_full,wavlm,0.0001,True,50,0.7305714285714286,0.01914498922028681
subesco_full,wavlm,0.0001,True,100,0.7688571428571429,0.014377483025223483
subesco_full,wavlm,0.0001,True,200,0.7964285714285715,0.014525760993018732
subesco_full,wavlm,0.0001,False,5,0.37214285714285716,0.024515717573900732
subesco_full,wavlm,0.0001,False,10,0.4084285714285715,0.019982418576193303
subesco_full,wavlm,0.0001,False,20,0.4554285714285714,0.02555328788124828
subesco_full,wavlm,0.0001,False,50,0.5211428571428571,0.02032390770717571
subesco_full,wavlm,0.0001,False,100,0.581,0.01869980052520721
subesco_full,wavlm,0.0001,False,200,0.6357142857142858,0.020963200669576302
subesco_full,wavlm,0.001,True,20,0.7828571428571427,0.01338425649767161
subesco_full,wavlm,0.001,True,200,0.8218571428571428,0.011991115380670912
subesco_full,wavlm,0.001,False,20,0.6268571428571429,0.020110804171997794
subesco_full,wavlm,0.001,False,200,0.7627142857142857,0.016556780608771277
subesco_full,emotion2vec,0.0001,True,5,0.5614285714285714,0.020348438684972863
subesco_full,emotion2vec,0.0001,True,10,0.6512857142857142,0.01905297543733979
subesco_full,emotion2vec,0.0001,True,20,0.7174285714285715,0.018366389493815843
subesco_full,emotion2vec,0.0001,True,50,0.773,0.010678777138752293
subesco_full,emotion2vec,0.0001,True,100,0.8028571428571428,0.016956660775966532
subesco_full,emotion2vec,0.0001,True,200,0.8262857142857143,0.017705066725519608
subesco_full,emotion2vec,0.0001,False,5,0.3761428571428571,0.020931266417304983
subesco_full,emotion2vec,0.0001,False,10,0.44671428571428573,0.027970262796531423
subesco_full,emotion2vec,0.0001,False,20,0.4975714285714285,0.018307650532692895
subesco_full,emotion2vec,0.0001,False,50,0.5698571428571428,0.021043632460204725
subesco_full,emotion2vec,0.0001,False,100,0.6258571428571429,0.020375722515464597
subesco_full,emotion2vec,0.0001,False,200,0.6744285714285715,0.020453475773125063
subesco_full,emotion2vec,0.001,True,20,0.8185714285714285,0.016714217880746885
subesco_full,emotion2vec,0.001,True,200,0.8377142857142857,0.012834194687941343
subesco_full,emotion2vec,0.001,False,20,0.6631428571428571,0.01661625027623952
subesco_full,emotion2vec,0.001,False,200,0.7859999999999999,0.012967777963325976
