dataset,model,lr,standardize,epochs,hidden,acc,std
emodb_full,wavlm,0.0001,True,5,256,0.5754716981132076,0.10853917753459673
emodb_full,wavlm,0.0001,True,10,256,0.6691474493361286,0.10270891865149698
emodb_full,wavlm,0.0001,True,20,256,0.7720125786163522,0.074923354810314
emodb_full,wavlm,0.0001,True,50,256,0.8674703004891684,0.04615835744479576
emodb_full,wavlm,0.0001,True,100,256,0.8897624039133474,0.02369343195387539
emodb_full,wavlm,0.0001,True,200,256,0.9009433962264151,0.026230156327913375
emodb_full,wavlm,0.0001,False,5,256,0.30331935709294205,0.08477838406993399
emodb_full,wavlm,0.0001,False,10,256,0.35541579315164223,0.06939848026724021
emodb_full,wavlm,0.0001,False,20,256,0.5326694619147448,0.08163984384690293
emodb_full,wavlm,0.0001,False,50,256,0.6858490566037736,0.09043722098432089
emodb_full,wavlm,0.0001,False,100,256,0.8055206149545773,0.06282298895450983
emodb_full,wavlm,0.0001,False,200,256,0.8691474493361285,0.032998371704490784
emodb_full,wavlm,0.001,True,20,256,0.8953529000698813,0.017749343825490947
emodb_full,wavlm,0.001,True,200,256,0.9064989517819706,0.035179399829076426
emodb_full,wavlm,0.001,False,20,256,0.8468553459119498,0.0489792094062813
emodb_full,wavlm,0.001,False,200,256,0.921383647798742,0.01970903191373166
emodb_full,emotion2vec,0.0001,True,5,256,0.519601677148847,0.05823700203536152
emodb_full,emotion2vec,0.0001,True,10,256,0.6353948287910552,0.07795996396622044
emodb_full,emotion2vec,0.0001,True,20,256,0.7308525506638714,0.07621769738355912
emodb_full,emotion2vec,0.0001,True,50,256,0.8150593990216632,0.06912217845196376
emodb_full,emotion2vec,0.0001,True,100,256,0.8412997903563942,0.06547462151224927
emodb_full,emotion2vec,0.0001,True,200,256,0.843151642208246,0.06606545039856196
emodb_full,emotion2vec,0.0001,False,5,256,0.23749126484975544,0.044897441086378886
emodb_full,emotion2vec,0.0001,False,10,256,0.23749126484975544,0.044897441086378886
emodb_full,emotion2vec,0.0001,False,20,256,0.2449685534591195,0.04848271919550834
emodb_full,emotion2vec,0.0001,False,50,256,0.4484626135569532,0.06649376809583976
emodb_full,emotion2vec,0.0001,False,100,256,0.6671907756813418,0.08416555870976158
emodb_full,emotion2vec,0.0001,False,200,256,0.7717679944095039,0.05554244212618845
emodb_full,emotion2vec,0.001,True,20,256,0.8581062194269743,0.05660100558895962
emodb_full,emotion2vec,0.001,True,200,256,0.8580712788259957,0.05738935062419093
emodb_full,emotion2vec,0.001,False,20,256,0.7138714185883998,0.07506754994020907
emodb_full,emotion2vec,0.001,False,200,256,0.8523060796645702,0.05629306864141508
ravdess_full,wavlm,0.0001,True,5,256,0.47986111111111107,0.04248804600705877
ravdess_full,wavlm,0.0001,True,10,256,0.5722222222222222,0.03763977152625525
ravdess_full,wavlm,0.0001,True,20,256,0.6576388888888889,0.03434205460769114
ravdess_full,wavlm,0.0001,True,50,256,0.7409722222222223,0.028735421543856905
ravdess_full,wavlm,0.0001,True,100,256,0.8020833333333334,0.022973881066295367
ravdess_full,wavlm,0.0001,True,200,256,0.8166666666666668,0.03126285743728542
ravdess_full,wavlm,0.0001,False,5,256,0.33333333333333337,0.06604325285966252
ravdess_full,wavlm,0.0001,False,10,256,0.3763888888888889,0.0346140289676273
ravdess_full,wavlm,0.0001,False,20,256,0.43263888888888885,0.03804333182072711
ravdess_full,wavlm,0.0001,False,50,256,0.5534722222222223,0.0424375701401062
ravdess_full,wavlm,0.0001,False,100,256,0.6513888888888888,0.038148822360097534
ravdess_full,wavlm,0.0001,False,200,256,0.7152777777777779,0.02699514766132083
ravdess_full,wavlm,0.001,True,20,256,0.8194444444444444,0.031056499687497113
ravdess_full,wavlm,0.001,True,200,256,0.8284722222222222,0.034806995280244404
ravdess_full,wavlm,0.001,False,20,256,0.6881944444444444,0.019214357379117707
ravdess_full,wavlm,0.001,False,200,256,0.81875,0.01806445649548767
ravdess_full,emotion2vec,0.0001,True,5,256,0.43125,0.028435500257549876
ravdess_full,emotion2vec,0.0001,True,10,256,0.4979166666666667,0.03761841158609215
ravdess_full,emotion2vec,0.0001,True,20,256,0.5916666666666666,0.049191857256072204
ravdess_full,emotion2vec,0.0001,True,50,256,0.6840277777777777,0.05567598829076709
ravdess_full,emotion2vec,0.0001,True,100,256,0.7270833333333333,0.05082586972125327
ravdess_full,emotion2vec,0.0001,True,200,256,0.7388888888888888,0.0453845404931573
ravdess_full,emotion2vec,0.0001,False,5,256,0.26458333333333334,0.05905727295041815
ravdess_full,emotion2vec,0.0001,False,10,256,0.2861111111111111,0.04303314829119352
ravdess_full,emotion2vec,0.0001,False,20,256,0.3125,0.025357525810424362
ravdess_full,emotion2vec,0.0001,False,50,256,0.3993055555555555,0.02664551952134569
ravdess_full,emotion2vec,0.0001,False,100,256,0.4722222222222222,0.023606571822188827
ravdess_full,emotion2vec,0.0001,False,200,256,0.5597222222222221,0.027428357858515984
ravdess_full,emotion2vec,0.001,True,20,256,0.7256944444444445,0.05095222384966466
ravdess_full,emotion2vec,0.001,True,200,256,0.7590277777777779,0.042184284856909574
ravdess_full,emotion2vec,0.001,False,20,256,0.4916666666666667,0.029967689504967133
ravdess_full,emotion2vec,0.001,False,200,256,0.7013888888888887,0.02360657182218884
subesco_full,wavlm,0.0001,True,5,256,0.6452857142857142,0.019955165165441394
subesco_full,wavlm,0.0001,True,10,256,0.738,0.01626314225229453
subesco_full,wavlm,0.0001,True,20,256,0.8104285714285716,0.01703737388342282
subesco_full,wavlm,0.0001,True,50,256,0.871857142857143,0.01240016823819743
subesco_full,wavlm,0.0001,True,100,256,0.8947142857142856,0.01404640834169318
subesco_full,wavlm,0.0001,True,200,256,0.9057142857142857,0.014333254231707065
subesco_full,wavlm,0.0001,False,5,256,0.4364285714285715,0.02468164649024428
subesco_full,wavlm,0.0001,False,10,256,0.5191428571428571,0.02291856825752989
subesco_full,wavlm,0.0001,False,20,256,0.6028571428571429,0.022876975522789153
subesco_full,wavlm,0.0001,False,50,256,0.7012857142857142,0.014528882798555067
subesco_full,wavlm,0.0001,False,100,256,0.7668571428571428,0.016061107797205935
subesco_full,wavlm,0.0001,False,200,256,0.8077142857142856,0.009287545606959925
subesco_full,wavlm,0.001,True,20,256,0.8944285714285714,0.013841506478245103
subesco_full,wavlm,0.001,True,200,256,0.9109999999999999,0.016163142192435215
subesco_full,wavlm,0.001,False,20,256,0.7725714285714286,0.021272447127745328
subesco_full,wavlm,0.001,False,200,256,0.8862857142857143,0.022367777277089027
subesco_full,emotion2vec,0.0001,True,5,256,0.7021428571428572,0.01827293700414274
subesco_full,emotion2vec,0.0001,True,10,256,0.7767142857142858,0.014938270563811655
subesco_full,emotion2vec,0.0001,True,20,256,0.8448571428571429,0.01143253899384581
subesco_full,emotion2vec,0.0001,True,50,256,0.8959999999999999,0.010164185043394875
subesco_full,emotion2vec,0.0001,True,100,256,0.9120000000000001,0.008888321977386758
subesco_full,emotion2vec,0.0001,True,200,256,0.9195714285714285,0.009690212936637133
subesco_full,emotion2vec,0.0001,False,5,256,0.44800000000000006,0.035648828904573764
subesco_full,emotion2vec,0.0001,False,10,256,0.5447142857142857,0.02199824771417786
subesco_full,emotion2vec,0.0001,False,20,256,0.6282857142857143,0.019986389926970917
subesco_full,emotion2vec,0.0001,False,50,256,0.7072857142857143,0.01933649985797249
subesco_full,emotion2vec,0.0001,False,100,256,0.7637142857142857,0.018259902417077124
subesco_full,emotion2vec,0.0001,False,200,256,0.8075714285714286,0.015533593177587806
subesco_full,emotion2vec,0.001,True,20,256,0.9137142857142857,0.008989790127172725
subesco_full,emotion2vec,0.001,True,200,256,0.9145714285714284,0.013465332997878807
subesco_full,emotion2vec,0.001,False,20,256,0.7707142857142857,0.01538986915351648
subesco_full,emotion2vec,0.001,False,200,256,0.8715714285714287,0.011711768990200348
