dataset,model,config,acc,std
emodb_full,wavlm,C1_std_long,0.910272536687631,0.027522510276783756
emodb_full,wavlm,C2_nostd_long,0.8822851153039831,0.03509610941322797
emodb_full,wavlm,C3_std_short,0.5944095038434661,0.04900239875117721
emodb_full,wavlm,C4_nostd_short,0.3158630328441649,0.05935584405124566
emodb_full,emotion2vec,C1_std_long,0.8542627533193571,0.06197850477224507
emodb_full,emotion2vec,C2_nostd_long,0.8018169112508737,0.06118182485995517
emodb_full,emotion2vec,C3_std_short,0.5360587002096435,0.07450441734096944
emodb_full,emotion2vec,C4_nostd_short,0.23749126484975544,0.044897441086378886
ravdess_full,wavlm,C1_std_long,0.7875,0.02151657414559677
ravdess_full,wavlm,C2_nostd_long,0.7305555555555555,0.027153478330768845
ravdess_full,wavlm,C3_std_short,0.5395833333333334,0.04331240591531299
ravdess_full,wavlm,C4_nostd_short,0.3680555555555556,0.05018398932564537
ravdess_full,emotion2vec,C1_std_long,0.7118055555555556,0.03721744257132763
ravdess_full,emotion2vec,C2_nostd_long,0.6097222222222223,0.03729654455763488
ravdess_full,emotion2vec,C3_std_short,0.4618055555555555,0.03985920221695039
ravdess_full,emotion2vec,C4_nostd_short,0.2944444444444444,0.05420819870263504
