model,src,tgt,K,trial,seed,accuracy,n_shots,n_test
hubert,en,th,0,0,20260505,0.3566830745929572,0,7923
hubert,en,th,10,0,20260515,0.44478101729143,10,7923
hubert,en,th,10,1,20261515,0.5173545374226934,10,7923
hubert,en,th,10,2,20262515,0.5672093903824309,10,7923
hubert,en,th,50,0,20260555,0.6419285624132273,50,7923
hubert,en,th,50,1,20261555,0.6344818881736716,50,7923
hubert,en,th,50,2,20262555,0.6270352139341159,50,7923
hubert,en,th,100,0,20260605,0.6513946737346965,100,7923
hubert,en,th,100,1,20261605,0.6481130884765871,100,7923
hubert,en,th,100,2,20262605,0.6081029912911776,100,7923
hubert,de,th,0,0,20260505,0.5005679666792882,0,7923
hubert,de,th,10,0,20260515,0.5277041524674997,10,7923
hubert,de,th,10,1,20261515,0.5867726871134671,10,7923
hubert,de,th,10,2,20262515,0.5592578568723968,10,7923
hubert,de,th,50,0,20260555,0.6006563170516218,50,7923
hubert,de,th,50,1,20261555,0.6512684589170769,50,7923
hubert,de,th,50,2,20262555,0.6141613025369178,50,7923
hubert,de,th,100,0,20260605,0.6689385333838193,100,7923
hubert,de,th,100,1,20261605,0.6577054146156759,100,7923
hubert,de,th,100,2,20262605,0.6476082292061088,100,7923
hubert,zh,th,0,0,20260505,0.37914931212924396,0,7923
hubert,zh,th,10,0,20260515,0.4923640035340149,10,7923
hubert,zh,th,10,1,20261515,0.6053262653035466,10,7923
hubert,zh,th,10,2,20262515,0.6150448062602549,10,7923
hubert,zh,th,50,0,20260555,0.6548024738104253,50,7923
hubert,zh,th,50,1,20261555,0.6270352139341159,50,7923
hubert,zh,th,50,2,20262555,0.64722958475325,50,7923
hubert,zh,th,100,0,20260605,0.6445790735832386,100,7923
hubert,zh,th,100,1,20261605,0.6351129622617695,100,7923
hubert,zh,th,100,2,20262605,0.6189574656064623,100,7923
hubert,bn,th,0,0,20260505,0.4536160545248012,0,7923
hubert,bn,th,10,0,20260515,0.5091505742774202,10,7923
hubert,bn,th,10,1,20261515,0.5877824056544239,10,7923
hubert,bn,th,10,2,20262515,0.5814716647734444,10,7923
hubert,bn,th,50,0,20260555,0.6756279187176575,50,7923
hubert,bn,th,50,1,20261555,0.6513946737346965,50,7923
hubert,bn,th,50,2,20262555,0.6655307333080903,50,7923
hubert,bn,th,100,0,20260605,0.651520888552316,100,7923
hubert,bn,th,100,1,20261605,0.6572005553451975,100,7923
hubert,bn,th,100,2,20262605,0.6534141108166098,100,7923
hubert,th,en,0,0,20260505,0.5129734566060244,0,3353
hubert,th,en,10,0,20260515,0.5123769758425291,10,3353
hubert,th,en,10,1,20261515,0.5132716969877722,10,3353
hubert,th,en,10,2,20262515,0.5219206680584552,10,3353
hubert,th,en,50,0,20260555,0.601550849985088,50,3353
hubert,th,en,50,1,20261555,0.5779898598270206,50,3353
hubert,th,en,50,2,20262555,0.56128839844915,50,3353
hubert,th,en,100,0,20260605,0.6292872054876231,100,3353
hubert,th,en,100,1,20261605,0.646585147628989,100,3353
hubert,th,en,100,2,20262605,0.6307784073963615,100,3353
hubert,th,de,0,0,20260505,0.7242990654205608,0,214
hubert,th,de,10,0,20260515,0.7476635514018691,10,214
hubert,th,de,10,1,20261515,0.7897196261682243,10,214
hubert,th,de,10,2,20262515,0.7616822429906542,10,214
hubert,th,de,50,0,20260555,0.794392523364486,50,214
hubert,th,de,50,1,20261555,0.8551401869158879,50,214
hubert,th,de,50,2,20262555,0.8084112149532711,50,214
hubert,th,de,100,0,20260605,0.8785046728971962,100,214
hubert,th,de,100,1,20261605,0.8644859813084113,100,214
hubert,th,de,100,2,20262605,0.8504672897196262,100,214
hubert,th,zh,0,0,20260505,0.6766666666666666,0,2400
hubert,th,zh,10,0,20260515,0.7166666666666667,10,2400
hubert,th,zh,10,1,20261515,0.67625,10,2400
hubert,th,zh,10,2,20262515,0.71625,10,2400
hubert,th,zh,50,0,20260555,0.7670833333333333,50,2400
hubert,th,zh,50,1,20261555,0.775,50,2400
hubert,th,zh,50,2,20262555,0.77625,50,2400
hubert,th,zh,100,0,20260605,0.785,100,2400
hubert,th,zh,100,1,20261605,0.75,100,2400
hubert,th,zh,100,2,20262605,0.7720833333333333,100,2400
hubert,th,bn,0,0,20260505,0.64875,0,2400
hubert,th,bn,10,0,20260515,0.6475,10,2400
hubert,th,bn,10,1,20261515,0.655,10,2400
hubert,th,bn,10,2,20262515,0.6479166666666667,10,2400
hubert,th,bn,50,0,20260555,0.7241666666666666,50,2400
hubert,th,bn,50,1,20261555,0.71,50,2400
hubert,th,bn,50,2,20262555,0.7104166666666667,50,2400
hubert,th,bn,100,0,20260605,0.7229166666666667,100,2400
hubert,th,bn,100,1,20261605,0.6979166666666666,100,2400
hubert,th,bn,100,2,20262605,0.7154166666666667,100,2400
