model,src,tgt,K,trial,seed,accuracy
hubert,en,de,0,0,20260505,0.7699115044247787
hubert,en,de,10,0,20260515,0.8328267477203647
hubert,en,de,10,1,20261515,0.78419452887538
hubert,en,de,10,2,20262515,0.7993920972644377
hubert,en,de,50,0,20260555,0.8996539792387543
hubert,en,de,50,1,20261555,0.8823529411764706
hubert,en,de,50,2,20262555,0.8961937716262975
hubert,en,de,100,0,20260605,0.895397489539749
hubert,en,de,100,1,20261605,0.9079497907949792
hubert,en,de,100,2,20262605,0.8661087866108786
hubert,en,zh,0,0,20260505,0.5515
hubert,en,zh,10,0,20260515,0.6416040100250626
hubert,en,zh,10,1,20261515,0.6112781954887218
hubert,en,zh,10,2,20262515,0.6273182957393484
hubert,en,zh,50,0,20260555,0.739240506329114
hubert,en,zh,50,1,20261555,0.7124050632911393
hubert,en,zh,50,2,20262555,0.719746835443038
hubert,en,zh,100,0,20260605,0.7558974358974359
hubert,en,zh,100,1,20261605,0.7738461538461539
hubert,en,zh,100,2,20262605,0.7746153846153846
hubert,en,bn,0,0,20260505,0.61175
hubert,en,bn,10,0,20260515,0.6401002506265664
hubert,en,bn,10,1,20261515,0.6588972431077694
hubert,en,bn,10,2,20262515,0.6827067669172933
hubert,en,bn,50,0,20260555,0.709873417721519
hubert,en,bn,50,1,20261555,0.7174683544303797
hubert,en,bn,50,2,20262555,0.7349367088607595
hubert,en,bn,100,0,20260605,0.737948717948718
hubert,en,bn,100,1,20261605,0.7551282051282051
hubert,en,bn,100,2,20262605,0.7448717948717949
hubert,de,en,0,0,20260505,0.2880473797559225
hubert,de,en,10,0,20260515,0.4719525350593311
hubert,de,en,10,1,20261515,0.5
hubert,de,en,10,2,20262515,0.4947860481841064
hubert,de,en,50,0,20260555,0.6115537848605578
hubert,de,en,50,1,20261555,0.6144512857660268
hubert,de,en,50,2,20262555,0.5626584570807679
hubert,de,en,100,0,20260605,0.6957236842105263
hubert,de,en,100,1,20261605,0.6818347953216374
hubert,de,en,100,2,20262605,0.6615497076023392
hubert,de,zh,0,0,20260505,0.56525
hubert,de,zh,10,0,20260515,0.6260651629072682
hubert,de,zh,10,1,20261515,0.6598997493734335
hubert,de,zh,10,2,20262515,0.6458646616541354
hubert,de,zh,50,0,20260555,0.7541772151898735
hubert,de,zh,50,1,20261555,0.7574683544303797
hubert,de,zh,50,2,20262555,0.7501265822784811
hubert,de,zh,100,0,20260605,0.837948717948718
hubert,de,zh,100,1,20261605,0.8382051282051282
hubert,de,zh,100,2,20262605,0.8194871794871795
hubert,de,bn,0,0,20260505,0.57225
hubert,de,bn,10,0,20260515,0.5664160401002506
hubert,de,bn,10,1,20261515,0.6105263157894737
hubert,de,bn,10,2,20262515,0.5827067669172933
hubert,de,bn,50,0,20260555,0.6513924050632911
hubert,de,bn,50,1,20261555,0.6744303797468354
hubert,de,bn,50,2,20262555,0.6658227848101266
hubert,de,bn,100,0,20260605,0.71
hubert,de,bn,100,1,20261605,0.7251282051282051
hubert,de,bn,100,2,20262605,0.7256410256410256
hubert,zh,en,0,0,20260505,0.39321608040201
hubert,zh,en,10,0,20260515,0.4692556634304207
hubert,zh,en,10,1,20261515,0.4830996044588277
hubert,zh,en,10,2,20262515,0.4857964760877382
hubert,zh,en,50,0,20260555,0.5939876856211518
hubert,zh,en,50,1,20261555,0.5775081492212967
hubert,zh,en,50,2,20262555,0.5565012676566461
hubert,zh,en,100,0,20260605,0.6588084795321637
hubert,zh,en,100,1,20261605,0.631578947368421
hubert,zh,en,100,2,20262605,0.6661184210526315
hubert,zh,de,0,0,20260505,0.6283185840707964
hubert,zh,de,10,0,20260515,0.6869300911854104
hubert,zh,de,10,1,20261515,0.729483282674772
hubert,zh,de,10,2,20262515,0.756838905775076
hubert,zh,de,50,0,20260555,0.8373702422145328
hubert,zh,de,50,1,20261555,0.8408304498269896
hubert,zh,de,50,2,20262555,0.8477508650519031
hubert,zh,de,100,0,20260605,0.8786610878661087
hubert,zh,de,100,1,20261605,0.9163179916317992
hubert,zh,de,100,2,20262605,0.8661087866108786
hubert,zh,bn,0,0,20260505,0.601
hubert,zh,bn,10,0,20260515,0.6759398496240602
hubert,zh,bn,10,1,20261515,0.624561403508772
hubert,zh,bn,10,2,20262515,0.6295739348370928
hubert,zh,bn,50,0,20260555,0.6807594936708861
hubert,zh,bn,50,1,20261555,0.7070886075949367
hubert,zh,bn,50,2,20262555,0.6987341772151898
hubert,zh,bn,100,0,20260605,0.7207692307692307
hubert,zh,bn,100,1,20261605,0.7356410256410256
hubert,zh,bn,100,2,20262605,0.7387179487179487
hubert,bn,en,0,0,20260505,0.5044867193108399
hubert,bn,en,10,0,20260515,0.5625674217907227
hubert,bn,en,10,1,20261515,0.5553757641136282
hubert,bn,en,10,2,20262515,0.5701186623516721
hubert,bn,en,50,0,20260555,0.6584570807678377
hubert,bn,en,50,1,20261555,0.6209706628033321
hubert,bn,en,50,2,20262555,0.6215139442231076
hubert,bn,en,100,0,20260605,0.6862207602339181
hubert,bn,en,100,1,20261605,0.6668494152046783
hubert,bn,en,100,2,20262605,0.6913377192982456
hubert,bn,de,0,0,20260505,0.6755162241887905
hubert,bn,de,10,0,20260515,0.7659574468085106
hubert,bn,de,10,1,20261515,0.7325227963525835
hubert,bn,de,10,2,20262515,0.7720364741641338
hubert,bn,de,50,0,20260555,0.8269896193771626
hubert,bn,de,50,1,20261555,0.8477508650519031
hubert,bn,de,50,2,20262555,0.8927335640138409
hubert,bn,de,100,0,20260605,0.9205020920502092
hubert,bn,de,100,1,20261605,0.8870292887029289
hubert,bn,de,100,2,20262605,0.8744769874476988
hubert,bn,zh,0,0,20260505,0.624
hubert,bn,zh,10,0,20260515,0.6947368421052632
hubert,bn,zh,10,1,20261515,0.6619047619047619
hubert,bn,zh,10,2,20262515,0.7005012531328321
hubert,bn,zh,50,0,20260555,0.789113924050633
hubert,bn,zh,50,1,20261555,0.7721518987341772
hubert,bn,zh,50,2,20262555,0.7746835443037975
hubert,bn,zh,100,0,20260605,0.8294871794871795
hubert,bn,zh,100,1,20261605,0.7984615384615384
hubert,bn,zh,100,2,20262605,0.821025641025641
emotion2vec,en,de,0,0,20260505,0.3893805309734513
emotion2vec,en,de,10,0,20260515,0.6109422492401215
emotion2vec,en,de,10,1,20261515,0.5683890577507599
emotion2vec,en,de,10,2,20262515,0.5987841945288754
emotion2vec,en,de,50,0,20260555,0.698961937716263
emotion2vec,en,de,50,1,20261555,0.7231833910034602
emotion2vec,en,de,50,2,20262555,0.7197231833910035
emotion2vec,en,de,100,0,20260605,0.6610878661087866
emotion2vec,en,de,100,1,20261605,0.7405857740585774
emotion2vec,en,de,100,2,20262605,0.7196652719665272
emotion2vec,en,zh,0,0,20260505,0.4215
emotion2vec,en,zh,10,0,20260515,0.537092731829574
emotion2vec,en,zh,10,1,20261515,0.531578947368421
emotion2vec,en,zh,10,2,20262515,0.5240601503759399
emotion2vec,en,zh,50,0,20260555,0.6313924050632911
emotion2vec,en,zh,50,1,20261555,0.6141772151898734
emotion2vec,en,zh,50,2,20262555,0.6392405063291139
emotion2vec,en,zh,100,0,20260605,0.6948717948717948
emotion2vec,en,zh,100,1,20261605,0.6753846153846154
emotion2vec,en,zh,100,2,20262605,0.6697435897435897
emotion2vec,en,bn,0,0,20260505,0.39575
emotion2vec,en,bn,10,0,20260515,0.4656641604010025
emotion2vec,en,bn,10,1,20261515,0.4857142857142857
emotion2vec,en,bn,10,2,20262515,0.48796992481203
emotion2vec,en,bn,50,0,20260555,0.6263291139240507
emotion2vec,en,bn,50,1,20261555,0.6162025316455696
emotion2vec,en,bn,50,2,20262555,0.6544303797468355
emotion2vec,en,bn,100,0,20260605,0.6982051282051283
emotion2vec,en,bn,100,1,20261605,0.7069230769230769
emotion2vec,en,bn,100,2,20262605,0.6979487179487179
emotion2vec,de,en,0,0,20260505,0.3286073223259153
emotion2vec,de,en,10,0,20260515,0.4352750809061488
emotion2vec,de,en,10,1,20261515,0.4065084501977706
emotion2vec,de,en,10,2,20262515,0.4014742898238044
emotion2vec,de,en,50,0,20260555,0.4762767113364723
emotion2vec,de,en,50,1,20261555,0.5347700108656284
emotion2vec,de,en,50,2,20262555,0.4733792104310033
emotion2vec,de,en,100,0,20260605,0.5939327485380117
emotion2vec,de,en,100,1,20261605,0.5897295321637427
emotion2vec,de,en,100,2,20262605,0.5882675438596491
emotion2vec,de,zh,0,0,20260505,0.37425
emotion2vec,de,zh,10,0,20260515,0.4859649122807017
emotion2vec,de,zh,10,1,20261515,0.4511278195488721
emotion2vec,de,zh,10,2,20262515,0.505764411027569
emotion2vec,de,zh,50,0,20260555,0.6334177215189873
emotion2vec,de,zh,50,1,20261555,0.6189873417721519
emotion2vec,de,zh,50,2,20262555,0.6326582278481012
emotion2vec,de,zh,100,0,20260605,0.7002564102564103
emotion2vec,de,zh,100,1,20261605,0.7158974358974359
emotion2vec,de,zh,100,2,20262605,0.6964102564102564
emotion2vec,de,bn,0,0,20260505,0.25575
emotion2vec,de,bn,10,0,20260515,0.4493734335839599
emotion2vec,de,bn,10,1,20261515,0.4889724310776942
emotion2vec,de,bn,10,2,20262515,0.4789473684210526
emotion2vec,de,bn,50,0,20260555,0.5739240506329114
emotion2vec,de,bn,50,1,20261555,0.6151898734177215
emotion2vec,de,bn,50,2,20262555,0.6339240506329114
emotion2vec,de,bn,100,0,20260605,0.6564102564102564
emotion2vec,de,bn,100,1,20261605,0.6851282051282052
emotion2vec,de,bn,100,2,20262605,0.658974358974359
emotion2vec,zh,en,0,0,20260505,0.4843862167982771
emotion2vec,zh,en,10,0,20260515,0.5199568500539374
emotion2vec,zh,en,10,1,20261515,0.5183387270765911
emotion2vec,zh,en,10,2,20262515,0.5242718446601942
emotion2vec,zh,en,50,0,20260555,0.5653748641796451
emotion2vec,zh,en,50,1,20261555,0.5740673668960522
emotion2vec,zh,en,50,2,20262555,0.5461789206809127
emotion2vec,zh,en,100,0,20260605,0.6158625730994152
emotion2vec,zh,en,100,1,20261605,0.5924707602339181
emotion2vec,zh,en,100,2,20262605,0.5840643274853801
emotion2vec,zh,de,0,0,20260505,0.5014749262536873
emotion2vec,zh,de,10,0,20260515,0.6139817629179332
emotion2vec,zh,de,10,1,20261515,0.5592705167173252
emotion2vec,zh,de,10,2,20262515,0.5896656534954408
emotion2vec,zh,de,50,0,20260555,0.6816608996539792
emotion2vec,zh,de,50,1,20261555,0.7335640138408305
emotion2vec,zh,de,50,2,20262555,0.7335640138408305
emotion2vec,zh,de,100,0,20260605,0.7196652719665272
emotion2vec,zh,de,100,1,20261605,0.7447698744769874
emotion2vec,zh,de,100,2,20262605,0.694560669456067
emotion2vec,zh,bn,0,0,20260505,0.34025
emotion2vec,zh,bn,10,0,20260515,0.5155388471177945
emotion2vec,zh,bn,10,1,20261515,0.562907268170426
emotion2vec,zh,bn,10,2,20262515,0.5353383458646617
emotion2vec,zh,bn,50,0,20260555,0.619746835443038
emotion2vec,zh,bn,50,1,20261555,0.6278481012658228
emotion2vec,zh,bn,50,2,20262555,0.6232911392405063
emotion2vec,zh,bn,100,0,20260605,0.6728205128205128
emotion2vec,zh,bn,100,1,20261605,0.6884615384615385
emotion2vec,zh,bn,100,2,20262605,0.6912820512820513
emotion2vec,bn,en,0,0,20260505,0.3088657573582197
emotion2vec,bn,en,10,0,20260515,0.4424667385832434
emotion2vec,bn,en,10,1,20261515,0.4653002517080187
emotion2vec,bn,en,10,2,20262515,0.4622437971952535
emotion2vec,bn,en,50,0,20260555,0.5094168779427743
emotion2vec,bn,en,50,1,20261555,0.5465411082940963
emotion2vec,bn,en,50,2,20262555,0.5134009416877943
emotion2vec,bn,en,100,0,20260605,0.5860745614035088
emotion2vec,bn,en,100,1,20261605,0.5381944444444444
emotion2vec,bn,en,100,2,20262605,0.5639619883040936
emotion2vec,bn,de,0,0,20260505,0.4306784660766962
emotion2vec,bn,de,10,0,20260515,0.5835866261398176
emotion2vec,bn,de,10,1,20261515,0.6048632218844985
emotion2vec,bn,de,10,2,20262515,0.574468085106383
emotion2vec,bn,de,50,0,20260555,0.6608996539792388
emotion2vec,bn,de,50,1,20261555,0.6816608996539792
emotion2vec,bn,de,50,2,20262555,0.7231833910034602
emotion2vec,bn,de,100,0,20260605,0.7740585774058577
emotion2vec,bn,de,100,1,20261605,0.7615062761506276
emotion2vec,bn,de,100,2,20262605,0.7196652719665272
emotion2vec,bn,zh,0,0,20260505,0.4455
emotion2vec,bn,zh,10,0,20260515,0.537092731829574
emotion2vec,bn,zh,10,1,20261515,0.525062656641604
emotion2vec,bn,zh,10,2,20262515,0.5097744360902255
emotion2vec,bn,zh,50,0,20260555,0.6308860759493671
emotion2vec,bn,zh,50,1,20261555,0.6139240506329114
emotion2vec,bn,zh,50,2,20262555,0.639493670886076
emotion2vec,bn,zh,100,0,20260605,0.6776923076923077
emotion2vec,bn,zh,100,1,20261605,0.6746153846153846
emotion2vec,bn,zh,100,2,20262605,0.6707692307692308
wavlm,en,de,0,0,20260505,0.5516
wavlm,en,de,10,0,20260515,0.7447
wavlm,en,de,10,1,20261515,0.7568
wavlm,en,de,10,2,20262515,0.7508
wavlm,en,de,50,0,20260555,0.8651
wavlm,en,de,50,1,20261555,0.8754
wavlm,en,de,50,2,20262555,0.8616
wavlm,en,de,100,0,20260605,0.8619
wavlm,en,de,100,1,20261605,0.8828
wavlm,en,de,100,2,20262605,0.8787
wavlm,en,zh,0,0,20260505,0.5503
wavlm,en,zh,10,0,20260515,0.6627
wavlm,en,zh,10,1,20261515,0.6556
wavlm,en,zh,10,2,20262515,0.6657
wavlm,en,zh,50,0,20260555,0.7587
wavlm,en,zh,50,1,20261555,0.7554
wavlm,en,zh,50,2,20262555,0.7511
wavlm,en,zh,100,0,20260605,0.8056
wavlm,en,zh,100,1,20261605,0.8056
wavlm,en,zh,100,2,20262605,0.8174
wavlm,en,bn,0,0,20260505,0.5453
wavlm,en,bn,10,0,20260515,0.6105
wavlm,en,bn,10,1,20261515,0.6544
wavlm,en,bn,10,2,20262515,0.6148
wavlm,en,bn,50,0,20260555,0.6972
wavlm,en,bn,50,1,20261555,0.7048
wavlm,en,bn,50,2,20262555,0.718
wavlm,en,bn,100,0,20260605,0.7359
wavlm,en,bn,100,1,20261605,0.7295
wavlm,en,bn,100,2,20262605,0.7367
wavlm,de,en,0,0,20260505,0.2884
wavlm,de,en,10,0,20260515,0.5009
wavlm,de,en,10,1,20261515,0.5167
wavlm,de,en,10,2,20262515,0.5338
wavlm,de,en,50,0,20260555,0.6063
wavlm,de,en,50,1,20261555,0.5817
wavlm,de,en,50,2,20262555,0.6016
wavlm,de,en,100,0,20260605,0.6826
wavlm,de,en,100,1,20261605,0.6321
wavlm,de,en,100,2,20262605,0.6537
wavlm,de,zh,0,0,20260505,0.5455
wavlm,de,zh,10,0,20260515,0.5862
wavlm,de,zh,10,1,20261515,0.6263
wavlm,de,zh,10,2,20262515,0.6103
wavlm,de,zh,50,0,20260555,0.719
wavlm,de,zh,50,1,20261555,0.7241
wavlm,de,zh,50,2,20262555,0.7375
wavlm,de,zh,100,0,20260605,0.8133
wavlm,de,zh,100,1,20261605,0.8187
wavlm,de,zh,100,2,20262605,0.8067
wavlm,de,bn,0,0,20260505,0.301
wavlm,de,bn,10,0,20260515,0.504
wavlm,de,bn,10,1,20261515,0.5962
wavlm,de,bn,10,2,20262515,0.5115
wavlm,de,bn,50,0,20260555,0.6175
wavlm,de,bn,50,1,20261555,0.6248
wavlm,de,bn,50,2,20262555,0.657
wavlm,de,bn,100,0,20260605,0.6969
wavlm,de,bn,100,1,20261605,0.6951
wavlm,de,bn,100,2,20262605,0.6679
wavlm,zh,en,0,0,20260505,0.4729
wavlm,zh,en,10,0,20260515,0.5131
wavlm,zh,en,10,1,20261515,0.5191
wavlm,zh,en,10,2,20262515,0.4766
wavlm,zh,en,50,0,20260555,0.6199
wavlm,zh,en,50,1,20261555,0.6125
wavlm,zh,en,50,2,20262555,0.5527
wavlm,zh,en,100,0,20260605,0.6736
wavlm,zh,en,100,1,20261605,0.6414
wavlm,zh,en,100,2,20262605,0.674
wavlm,zh,de,0,0,20260505,0.7345
wavlm,zh,de,10,0,20260515,0.8055
wavlm,zh,de,10,1,20261515,0.7872
wavlm,zh,de,10,2,20262515,0.7538
wavlm,zh,de,50,0,20260555,0.8651
wavlm,zh,de,50,1,20261555,0.8478
wavlm,zh,de,50,2,20262555,0.8824
wavlm,zh,de,100,0,20260605,0.8954
wavlm,zh,de,100,1,20261605,0.9121
wavlm,zh,de,100,2,20262605,0.8828
wavlm,zh,bn,0,0,20260505,0.441
wavlm,zh,bn,10,0,20260515,0.6464
wavlm,zh,bn,10,1,20261515,0.6546
wavlm,zh,bn,10,2,20262515,0.6233
wavlm,zh,bn,50,0,20260555,0.6552
wavlm,zh,bn,50,1,20261555,0.677
wavlm,zh,bn,50,2,20262555,0.6899
wavlm,zh,bn,100,0,20260605,0.7236
wavlm,zh,bn,100,1,20261605,0.7472
wavlm,zh,bn,100,2,20262605,0.7374
wavlm,bn,en,0,0,20260505,0.5237
wavlm,bn,en,10,0,20260515,0.5908
wavlm,bn,en,10,1,20261515,0.5735
wavlm,bn,en,10,2,20262515,0.5521
wavlm,bn,en,50,0,20260555,0.6708
wavlm,bn,en,50,1,20261555,0.6402
wavlm,bn,en,50,2,20262555,0.632
wavlm,bn,en,100,0,20260605,0.7069
wavlm,bn,en,100,1,20261605,0.6712
wavlm,bn,en,100,2,20262605,0.6946
wavlm,bn,de,0,0,20260505,0.6372
wavlm,bn,de,10,0,20260515,0.7356
wavlm,bn,de,10,1,20261515,0.7599
wavlm,bn,de,10,2,20262515,0.769
wavlm,bn,de,50,0,20260555,0.8374
wavlm,bn,de,50,1,20261555,0.8651
wavlm,bn,de,50,2,20262555,0.8962
wavlm,bn,de,100,0,20260605,0.9247
wavlm,bn,de,100,1,20261605,0.8828
wavlm,bn,de,100,2,20262605,0.8996
wavlm,bn,zh,0,0,20260505,0.555
wavlm,bn,zh,10,0,20260515,0.6361
wavlm,bn,zh,10,1,20261515,0.5915
wavlm,bn,zh,10,2,20262515,0.5957
wavlm,bn,zh,50,0,20260555,0.741
wavlm,bn,zh,50,1,20261555,0.7048
wavlm,bn,zh,50,2,20262555,0.7501
wavlm,bn,zh,100,0,20260605,0.7897
wavlm,bn,zh,100,1,20261605,0.7885
wavlm,bn,zh,100,2,20262605,0.7872
