model,src,tgt,K,mean_acc,std_acc,n_trials
emotion2vec,bn,th,0,0.2304682569733686,0.0,1
emotion2vec,bn,th,10,0.36375110437965413,0.04246467480858751,3
emotion2vec,bn,th,50,0.5127266607766418,0.030760530271960844,3
emotion2vec,bn,th,100,0.5695233287054567,0.0015881682938429554,3
emotion2vec,de,th,0,0.2904202953426732,0.0,1
emotion2vec,de,th,10,0.4398165677983928,0.0483543335885163,3
emotion2vec,de,th,50,0.5335100340780007,0.03353896067779244,3
emotion2vec,de,th,100,0.6031385417981404,0.008157553107402998,3
emotion2vec,en,th,0,0.2625268206487441,0.0,1
emotion2vec,en,th,10,0.35882872649249026,0.06314564031889357,3
emotion2vec,en,th,50,0.4955614455803778,0.02890356067015615,3
emotion2vec,en,th,100,0.5662838150532207,0.014846389565274103,3
emotion2vec,th,bn,0,0.5725,0.0,1
emotion2vec,th,bn,10,0.5916666666666667,0.0008333333333333526,3
emotion2vec,th,bn,50,0.6330555555555556,0.011042321783500564,3
emotion2vec,th,bn,100,0.6727777777777778,0.009282724895281626,3
emotion2vec,th,de,0,0.6448598130841121,0.0,1
emotion2vec,th,de,10,0.6744548286604362,0.005395796908314228,3
emotion2vec,th,de,50,0.7258566978193146,0.007137968372205402,3
emotion2vec,th,de,100,0.7585669781931464,0.011759866721605616,3
emotion2vec,th,en,0,0.4127646883388011,0.0,1
emotion2vec,th,en,10,0.45660602445571136,0.044683337063400864,3
emotion2vec,th,en,50,0.5006461874937868,0.03389503360004101,3
emotion2vec,th,en,100,0.5458793120588528,0.025849602642974017,3
emotion2vec,th,zh,0,0.6266666666666667,0.0,1
emotion2vec,th,zh,10,0.6536111111111111,0.002956082868582382,3
emotion2vec,th,zh,50,0.6679166666666667,0.006705615391429601,3
emotion2vec,th,zh,100,0.6781944444444444,0.009649529829267653,3
emotion2vec,zh,th,0,0.3958096680550296,0.0,1
emotion2vec,zh,th,10,0.4591695065000631,0.02782228092077214,3
emotion2vec,zh,th,50,0.5132315200471201,0.04412563408479359,3
emotion2vec,zh,th,100,0.5694391854937103,0.01264187002359614,3
hubert,bn,th,0,0.4536160545248012,0.0,1
hubert,bn,th,10,0.5594682149017628,0.043690446108011885,3
hubert,bn,th,50,0.6641844419201481,0.01217258871304647,3
hubert,bn,th,100,0.6540451849047079,0.0028919447778340238,3
hubert,de,th,0,0.5005679666792882,0.0,1
hubert,de,th,10,0.5579115654844545,0.029557271891725703,3
hubert,de,th,50,0.6220286928352055,0.02620723370810872,3
hubert,de,th,100,0.6580840590685346,0.010670192022389894,3
hubert,en,th,0,0.3566830745929572,0.0,1
hubert,en,th,10,0.5097816483655181,0.061564503741454314,3
hubert,en,th,50,0.6344818881736716,0.007446674239555667,3
hubert,en,th,100,0.6358702511674871,0.024103064975858134,3
hubert,th,bn,0,0.64875,0.0,1
hubert,th,bn,10,0.6501388888888889,0.004214997473748225,3
hubert,th,bn,50,0.7148611111111111,0.008061539922739665,3
hubert,th,bn,100,0.7120833333333333,0.012829003598617246,3
hubert,th,de,0,0.7242990654205608,0.0,1
hubert,th,de,10,0.7663551401869159,0.0214139051166161,3
hubert,th,de,50,0.8193146417445484,0.031807753670813316,3
hubert,th,de,100,0.8644859813084113,0.014018691588785062,3
hubert,th,en,0,0.5129734566060244,0.0,1
hubert,th,en,10,0.5158564469629189,0.005270788802788229,3
hubert,th,en,50,0.5802763694204195,0.020228379705539104,3
hubert,th,en,100,0.6355502535043245,0.009585540518931217,3
hubert,th,zh,0,0.6766666666666666,0.0,1
hubert,th,zh,10,0.7030555555555557,0.023215226883648146,3
hubert,th,zh,50,0.7727777777777778,0.004970980602270388,3
hubert,th,zh,100,0.7690277777777778,0.017698935414730912,3
hubert,zh,th,0,0.3791493121292439,0.0,1
hubert,zh,th,10,0.5709116916992721,0.06819763189922119,3
hubert,zh,th,50,0.6430224241659305,0.014353756665599703,3
hubert,zh,th,100,0.6328831671504901,0.012955527334215938,3
wavlm,bn,th,0,0.4999368925911902,0.0,1
wavlm,bn,th,10,0.571290336152131,0.03877329331696825,3
wavlm,bn,th,50,0.6591779208212377,0.018836196091017693,3
wavlm,bn,th,100,0.6755017039000378,0.01169719272406682,3
wavlm,de,th,0,0.389877571626909,0.0,1
wavlm,de,th,10,0.5454583701459884,0.05525980112050004,3
wavlm,de,th,50,0.6341032437208128,0.0267375895742418,3
wavlm,de,th,100,0.6781522150700492,0.008368337475325359,3
wavlm,en,th,0,0.4476839580966805,0.0,1
wavlm,en,th,10,0.5890866254364929,0.027080162938518823,3
wavlm,en,th,50,0.6350288190500232,0.011048183138005468,3
wavlm,en,th,100,0.6646893011906264,0.005800849128745684,3
wavlm,th,bn,0,0.3316666666666666,0.0,1
wavlm,th,bn,10,0.605,0.050426996187007286,3
wavlm,th,bn,50,0.6588888888888889,0.0028361913689808663,3
wavlm,th,bn,100,0.6938888888888889,0.00833680483247715,3
wavlm,th,de,0,0.4205607476635514,0.0,1
wavlm,th,de,10,0.7538940809968847,0.013489492270785691,3
wavlm,th,de,50,0.7975077881619939,0.007137968372205341,3
wavlm,th,de,100,0.839563862928349,0.01175986672160548,3
wavlm,th,en,0,0.4953772740829108,0.0,1
wavlm,th,en,10,0.5646684561089571,0.016739585533077216,3
wavlm,th,en,50,0.5939954269808132,0.004345858036463708,3
wavlm,th,en,100,0.6367432150313151,0.008286575597643772,3
wavlm,th,zh,0,0.4925,0.0,1
wavlm,th,zh,10,0.6063888888888889,0.022978452064037282,3
wavlm,th,zh,50,0.6901388888888889,0.019796417558440943,3
wavlm,th,zh,100,0.6991666666666667,0.018961767088304587,3
wavlm,zh,th,0,0.5963650132525559,0.0,1
wavlm,zh,th,10,0.588665909377761,0.018557870714531376,3
wavlm,zh,th,50,0.6354074635028819,0.033861658101183946,3
wavlm,zh,th,100,0.6754596322941646,0.003208770241182805,3
