dataset,model,hidden,head,n_classes,n_test,accuracy,macro_f1
emodb_full,hubert,0,1-linear,7,218,0.8944954128440367,0.8897006556838799
emodb_full,hubert,256,2-linear-h256-relu,7,218,0.8853211009174312,0.8772018135829177
emodb_full,wavlm,0,1-linear,7,218,0.8899082568807339,0.8949619706088338
emodb_full,wavlm,256,2-linear-h256-relu,7,218,0.8853211009174312,0.8821969939026599
emodb_full,emotion2vec,0,1-linear,7,218,0.8807339449541285,0.8791143413842529
emodb_full,emotion2vec,256,2-linear-h256-relu,7,218,0.8669724770642202,0.8622782185420258
ravdess_full,hubert,0,1-linear,8,600,0.7183333333333334,0.7111447614216482
ravdess_full,hubert,256,2-linear-h256-relu,8,600,0.7266666666666667,0.7211961064799748
ravdess_full,wavlm,0,1-linear,8,600,0.7316666666666667,0.7331648797019411
ravdess_full,wavlm,256,2-linear-h256-relu,8,600,0.7,0.6965854556831308
ravdess_full,emotion2vec,0,1-linear,8,600,0.6033333333333334,0.5902448072973796
ravdess_full,emotion2vec,256,2-linear-h256-relu,8,600,0.585,0.5760936611050814
subesco_full,hubert,0,1-linear,7,2800,0.7028571428571428,0.7052203847073512
subesco_full,hubert,256,2-linear-h256-relu,7,2800,0.7007142857142857,0.6984164082647694
subesco_full,wavlm,0,1-linear,7,2800,0.7021428571428572,0.7020409841923125
subesco_full,wavlm,256,2-linear-h256-relu,7,2800,0.6989285714285715,0.6973156648153152
subesco_full,emotion2vec,0,1-linear,7,2800,0.705,0.7057661882724526
subesco_full,emotion2vec,256,2-linear-h256-relu,7,2800,0.7007142857142857,0.7004358938897297
