model,dataset,layer,alpha
emotion2vec,crema_d,0,0.4252163171768188
emotion2vec,emodb,0,0.1437143981456756
emotion2vec,esd_zh,0,0.4841218590736389
emotion2vec,ravdess,0,0.1678992360830307
emotion2vec,subesco,0,0.5340963006019592
hubert,crema_d,7,0.2655689120292663
hubert,emodb,5,0.1002502515912056
hubert,esd_zh,3,0.1783801913261413
hubert,ravdess,6,0.1149415075778961
hubert,subesco,4,0.2728265821933746
wavlm,crema_d,5,0.1892607361078262
wavlm,emodb,6,0.1004488468170166
wavlm,esd_zh,4,0.19960817694664
wavlm,ravdess,5,0.1138816475868225
wavlm,subesco,6,0.2714892625808716
