experiment,model,dataset,seed,n_test,n_test_speakers,accuracy,macro_f1
rq1,hubert,emodb,20260505,139,4,0.9280575539568344,0.923905723905724
rq1,hubert,emodb,20260506,147,4,0.9455782312925172,0.9427476519581784
rq1,hubert,emodb,20260507,132,4,0.9242424242424242,0.929970760233918
rq1,hubert,emodb,20260508,138,4,0.9057971014492754,0.9060135061982352
rq1,hubert,emodb,20260509,117,4,0.8974358974358975,0.8795098039215686
rq1,hubert,ravdess,20260505,280,10,0.7607142857142857,0.7542283264586449
rq1,hubert,ravdess,20260506,280,10,0.8071428571428572,0.7938926010430247
rq1,hubert,ravdess,20260507,280,10,0.7642857142857142,0.7587460137952511
rq1,hubert,ravdess,20260508,280,10,0.8392857142857143,0.843310366674647
rq1,hubert,ravdess,20260509,280,10,0.7678571428571429,0.7557539682539682
rq1,hubert,crema_d,20260505,1939,36,0.8019597730789066,0.8010345003746667
rq1,hubert,crema_d,20260506,1935,36,0.8403100775193798,0.8384882098553615
rq1,hubert,crema_d,20260507,1935,36,0.8149870801033592,0.8135042453505363
rq1,hubert,crema_d,20260508,1943,36,0.8306742151312404,0.8304362154094385
rq1,hubert,crema_d,20260509,1934,36,0.8221302998965874,0.8204143303389695
rq1,hubert,esd_zh,20260505,1600,4,0.875625,0.8748520935865232
rq1,hubert,esd_zh,20260506,1600,4,0.906875,0.9062382149087208
rq1,hubert,esd_zh,20260507,1600,4,0.8275,0.8304199033458756
rq1,hubert,esd_zh,20260508,1600,4,0.9025,0.9025046974428332
rq1,hubert,esd_zh,20260509,1600,4,0.818125,0.8083363702072903
rq1,hubert,subesco,20260505,1600,8,0.87625,0.8752584384919326
rq1,hubert,subesco,20260506,1600,8,0.74375,0.7402151380194857
rq1,hubert,subesco,20260507,1600,8,0.8275,0.8300255477134969
rq1,hubert,subesco,20260508,1600,8,0.845,0.8430528083407922
rq1,hubert,subesco,20260509,1600,8,0.823125,0.8235227551100891
rq1,wavlm,emodb,20260505,139,4,0.9424460431654677,0.9424501424501424
rq1,wavlm,emodb,20260506,147,4,0.9455782312925172,0.9448715957336646
rq1,wavlm,emodb,20260507,132,4,0.9242424242424242,0.9246963288959638
rq1,wavlm,emodb,20260508,138,4,0.8985507246376812,0.8988541666666666
rq1,wavlm,emodb,20260509,117,4,0.9230769230769232,0.9082070707070709
rq1,wavlm,ravdess,20260505,280,10,0.7892857142857143,0.7841523164744465
rq1,wavlm,ravdess,20260506,280,10,0.7571428571428571,0.7461910473818061
rq1,wavlm,ravdess,20260507,280,10,0.7607142857142857,0.7510140548239177
rq1,wavlm,ravdess,20260508,280,10,0.8178571428571428,0.8244799520719835
rq1,wavlm,ravdess,20260509,280,10,0.7678571428571429,0.7561832239230621
rq1,wavlm,crema_d,20260505,1939,36,0.814853017019082,0.814110232901753
rq1,wavlm,crema_d,20260506,1935,36,0.834108527131783,0.8322574169455526
rq1,wavlm,crema_d,20260507,1935,36,0.8248062015503876,0.8229957106158435
rq1,wavlm,crema_d,20260508,1943,36,0.847143592382913,0.8467111739868655
rq1,wavlm,crema_d,20260509,1934,36,0.812306101344364,0.8103960996702485
rq1,wavlm,esd_zh,20260505,1600,4,0.89,0.8895519117949877
rq1,wavlm,esd_zh,20260506,1600,4,0.879375,0.8782173679025354
rq1,wavlm,esd_zh,20260507,1600,4,0.86625,0.8689794452426255
claim1_si,hubert,emodb_full,20260505,218,4,0.8944954128440367,0.8897006556838799
claim1_si,hubert,emodb_full,20260506,226,4,0.9203539823008848,0.919352574408034
claim1_si,hubert,emodb_full,20260507,224,4,0.9151785714285714,0.9158743799672026
claim1_si,hubert,emodb_full,20260508,214,4,0.8878504672897196,0.8867931618181342
claim1_si,hubert,emodb_full,20260509,177,4,0.8870056497175142,0.8750606866267593
claim1_si,hubert,ravdess_full,20260505,600,10,0.7183333333333334,0.7111447614216482
claim1_si,hubert,ravdess_full,20260506,600,10,0.6933333333333334,0.6897062300458224
claim1_si,hubert,ravdess_full,20260507,600,10,0.7116666666666667,0.7067751201131385
claim1_si,hubert,ravdess_full,20260508,600,10,0.7066666666666667,0.7090901900548803
claim1_si,hubert,ravdess_full,20260509,600,10,0.67,0.6640551962518393
claim1_si,hubert,subesco_full,20260505,2800,8,0.7028571428571428,0.7052203847073512
claim1_si,hubert,subesco_full,20260506,2800,8,0.6035714285714285,0.6045159484062815
claim1_si,hubert,subesco_full,20260507,2800,8,0.6528571428571428,0.6489003504742892
claim1_si,hubert,subesco_full,20260508,2800,8,0.6617857142857143,0.6573524489983075
claim1_si,hubert,subesco_full,20260509,2800,8,0.6478571428571429,0.6417296786863479
claim1_si,wavlm,emodb_full,20260505,218,4,0.8899082568807339,0.8949619706088338
claim1_si,wavlm,emodb_full,20260506,226,4,0.9026548672566372,0.9026299042008012
claim1_si,wavlm,emodb_full,20260507,224,4,0.8928571428571429,0.8894838170806209
claim1_si,wavlm,emodb_full,20260508,214,4,0.8925233644859814,0.8904692494760792
claim1_si,wavlm,emodb_full,20260509,177,4,0.8700564971751412,0.8480295636800044
claim1_si,wavlm,ravdess_full,20260505,600,10,0.7316666666666667,0.7331648797019411
claim1_si,wavlm,ravdess_full,20260506,600,10,0.6433333333333333,0.6368331248383603
claim1_si,wavlm,ravdess_full,20260507,600,10,0.6933333333333334,0.6746980391737516
claim1_si,wavlm,ravdess_full,20260508,600,10,0.7233333333333334,0.7219118404518665
claim1_si,wavlm,ravdess_full,20260509,600,10,0.6883333333333334,0.681284792940816
claim1_si,wavlm,subesco_full,20260505,2800,8,0.7021428571428572,0.7020409841923125
claim1_si,wavlm,subesco_full,20260506,2800,8,0.6125,0.6118067763111289
claim1_si,wavlm,subesco_full,20260507,2800,8,0.6839285714285714,0.677876766511864
claim1_si,wavlm,subesco_full,20260508,2800,8,0.6589285714285714,0.6555553107298397
claim1_si,wavlm,subesco_full,20260509,2800,8,0.6546428571428572,0.6449078248032597
claim1_si,emotion2vec,emodb_full,20260505,218,4,0.8807339449541285,0.8791143413842529
claim1_si,emotion2vec,emodb_full,20260506,226,4,0.8761061946902655,0.8687428817680919
claim1_si,emotion2vec,emodb_full,20260507,224,4,0.84375,0.8396649228984858
claim1_si,emotion2vec,emodb_full,20260508,214,4,0.8457943925233645,0.8401221255808412
claim1_si,emotion2vec,emodb_full,20260509,177,4,0.8192090395480226,0.7824515399846348
claim1_si,emotion2vec,ravdess_full,20260505,600,10,0.6033333333333334,0.5902448072973796
claim1_si,emotion2vec,ravdess_full,20260506,600,10,0.6033333333333334,0.5984094322385305
claim1_si,emotion2vec,ravdess_full,20260507,600,10,0.53,0.5232113179394208
claim1_si,emotion2vec,ravdess_full,20260508,600,10,0.5566666666666666,0.5480369254136165
claim1_si,emotion2vec,ravdess_full,20260509,600,10,0.565,0.556157892956428
claim1_si,emotion2vec,subesco_full,20260505,2800,8,0.705,0.7057661882724526
claim1_si,emotion2vec,subesco_full,20260506,2800,8,0.6025,0.6034744342453019
claim1_si,emotion2vec,subesco_full,20260507,2800,8,0.675,0.6698414830673842
claim1_si,emotion2vec,subesco_full,20260508,2800,8,0.6682142857142858,0.6645121497187471
claim1_si,emotion2vec,subesco_full,20260509,2800,8,0.6403571428571428,0.6365659932663889
rq1,wavlm,esd_zh,20260508,1600,4,0.87125,0.8702555568373125
rq1,wavlm,esd_zh,20260509,1600,4,0.781875,0.7742994218241119
rq1,wavlm,subesco,20260505,1600,8,0.895625,0.896012556055725
rq1,wavlm,subesco,20260506,1600,8,0.781875,0.7792986963643739
rq1,wavlm,subesco,20260507,1600,8,0.81375,0.8144949574891988
rq1,wavlm,subesco,20260508,1600,8,0.839375,0.8378540623445767
rq1,wavlm,subesco,20260509,1600,8,0.831875,0.8310011653090449
rq1,emotion2vec,emodb,20260505,139,4,0.9064748201438848,0.9021813138317992
rq1,emotion2vec,emodb,20260506,147,4,0.9047619047619048,0.9036316147165204
rq1,emotion2vec,emodb,20260507,132,4,0.8787878787878788,0.8737229256250996
rq1,emotion2vec,emodb,20260508,138,4,0.8623188405797102,0.8533645538121242
rq1,emotion2vec,emodb,20260509,117,4,0.8803418803418803,0.8603174603174604
rq1,emotion2vec,ravdess,20260505,280,10,0.7071428571428572,0.6972243695700905
rq1,emotion2vec,ravdess,20260506,280,10,0.7321428571428571,0.7174953381587108
rq1,emotion2vec,ravdess,20260507,280,10,0.6428571428571429,0.6217456683723853
rq1,emotion2vec,ravdess,20260508,280,10,0.6892857142857143,0.6726584345202709
rq1,emotion2vec,ravdess,20260509,280,10,0.7321428571428571,0.708319862925126
rq1,emotion2vec,crema_d,20260505,1939,36,0.7596699329551315,0.7585888861442347
rq1,emotion2vec,crema_d,20260506,1935,36,0.7881136950904393,0.7835458100134738
rq1,emotion2vec,crema_d,20260507,1935,36,0.7700258397932817,0.7680899921065272
rq1,emotion2vec,crema_d,20260508,1943,36,0.7792074112197632,0.7770923916652968
rq1,emotion2vec,crema_d,20260509,1934,36,0.7833505687693899,0.781037491171749
rq1,emotion2vec,esd_zh,20260505,1600,4,0.785,0.7824876655354946
rq1,emotion2vec,esd_zh,20260506,1600,4,0.788125,0.7873318775627915
rq1,emotion2vec,esd_zh,20260507,1600,4,0.71125,0.7178835186884454
rq1,emotion2vec,esd_zh,20260508,1600,4,0.798125,0.7977981887328114
rq1,emotion2vec,esd_zh,20260509,1600,4,0.6975,0.6871748253974022
rq1,emotion2vec,subesco,20260505,1600,8,0.84375,0.843587459501583
rq1,emotion2vec,subesco,20260506,1600,8,0.736875,0.737572763861541
rq1,emotion2vec,subesco,20260507,1600,8,0.828125,0.8298964771794362
rq1,emotion2vec,subesco,20260508,1600,8,0.854375,0.8530715746578782
rq1,emotion2vec,subesco,20260509,1600,8,0.81125,0.8114324055010181
claim2_thai,hubert,thai_ser,20260505,5196,64,0.8358352578906851,0.8246910905939739
claim2_thai,hubert,thai_ser,20260506,4941,64,0.829184375632463,0.8237615888299062
claim2_thai,hubert,thai_ser,20260507,5214,64,0.8273878020713463,0.8184400676043799
claim2_thai,hubert,thai_ser,20260508,5310,64,0.8327683615819209,0.8208474686264842
claim2_thai,hubert,thai_ser,20260509,5235,64,0.8234957020057306,0.8144891187057304
claim2_thai,wavlm,thai_ser,20260505,5196,64,0.8416089299461124,0.830791773979598
claim2_thai,wavlm,thai_ser,20260506,4941,64,0.8384942319368549,0.834687066447592
claim2_thai,wavlm,thai_ser,20260507,5214,64,0.8364019946298428,0.827603977394372
claim2_thai,wavlm,thai_ser,20260508,5310,64,0.8340866290018832,0.8234799513208688
claim2_thai,wavlm,thai_ser,20260509,5235,64,0.8357211079274116,0.8260064513489385
claim2_thai,emotion2vec_base,thai_ser,20260505,5196,64,0.8092763664357198,0.7932310668306466
claim2_thai,emotion2vec_base,thai_ser,20260506,4941,64,0.8022667476219388,0.7929617259423372
claim2_thai,emotion2vec_base,thai_ser,20260507,5214,64,0.7961258151131568,0.7811631158982018
claim2_thai,emotion2vec_base,thai_ser,20260508,5310,64,0.7977401129943503,0.7824767875920579
claim2_thai,emotion2vec_base,thai_ser,20260509,5235,64,0.799235912129895,0.7861385154697982
claim2_thai,emotion2vec_plus_base,thai_ser,20260505,5196,64,0.7409545804464973,0.7012813135341578
claim2_thai,emotion2vec_plus_base,thai_ser,20260506,4941,64,0.73224043715847,0.7049655189485368
claim2_thai,emotion2vec_plus_base,thai_ser,20260507,5214,64,0.7255466052934407,0.6869498510196841
claim2_thai,emotion2vec_plus_base,thai_ser,20260508,5310,64,0.727683615819209,0.693248363506698
claim2_thai,emotion2vec_plus_base,thai_ser,20260509,5235,64,0.725883476599809,0.6944839973694735
