experiment,model,dataset,acc_mean,acc_std,f1_mean,f1_std,n_seeds
claim1_si,emotion2vec,emodb_full,0.8531187143431562,0.02540821598263627,0.8420191623232613,0.03757543184476242,5
claim1_si,emotion2vec,ravdess_full,0.5716666666666667,0.031666666666666676,0.5632120751690751,0.03102309537558662,5
claim1_si,emotion2vec,subesco_full,0.6582142857142858,0.03870924453208688,0.6560320497140549,0.038331864620575654,5
claim1_si,hubert,emodb_full,0.9009768167161454,0.015705632236016308,0.8973562917008019,0.019326397280261944,5
claim1_si,hubert,ravdess_full,0.7,0.019112241568632858,0.6961542995774657,0.01985436395726814,5
claim1_si,hubert,subesco_full,0.6537857142857143,0.03545944795085781,0.6515437622545155,0.03615881558174551,5
claim1_si,wavlm,emodb_full,0.8896000257311274,0.01195437287736818,0.8851149010092678,0.021370650647944477,5
claim1_si,wavlm,ravdess_full,0.696,0.03485286533733237,0.6895785354213471,0.03878629169055417,5
claim1_si,wavlm,subesco_full,0.6624285714285715,0.03393082699269446,0.658437532509681,0.034076870579211826,5
claim2_thai,emotion2vec_base,thai_ser,0.8009289908590121,0.005185899802340554,0.7871942423466083,0.005688816698453292,5
claim2_thai,emotion2vec_plus_base,thai_ser,0.7304617430634852,0.006443998819176615,0.69618580887571,0.007068860267117594,5
claim2_thai,hubert,thai_ser,0.8297342998364293,0.0047737770983805345,0.820445866872095,0.004143769417429526,5
claim2_thai,wavlm,thai_ser,0.837262578688421,0.0028987554407003176,0.8285138440982738,0.004351798221168212,5
rq1,emotion2vec,crema_d,0.7760734895656011,0.011329106683610379,0.7736709142202562,0.010272545854625132,5
rq1,emotion2vec,emodb,0.8865370649230517,0.01880566044103787,0.8786435736606008,0.023331928017385088,5
rq1,emotion2vec,esd_zh,0.756,0.04762442584955748,0.7545352151833891,0.049013810279172905,5
rq1,emotion2vec,ravdess,0.7007142857142857,0.037063789468913116,0.6834887347093167,0.03837708728699444,5
rq1,emotion2vec,subesco,0.814875,0.046547606678539376,0.8151121361402913,0.04608751030383002,5
rq1,hubert,crema_d,0.8220122891458947,0.014674032424506472,0.8207755002657946,0.014575477406856939,5
rq1,hubert,emodb,0.9202222416753898,0.01902486760944491,0.916429489243525,0.02451255627482854,5
rq1,hubert,esd_zh,0.8661249999999999,0.04144226028464181,0.8644702558982486,0.04361594699476629,5
rq1,hubert,ravdess,0.7878571428571428,0.034311746069929865,0.7811862552451072,0.03839906257589371,5
rq1,hubert,subesco,0.8231249999999999,0.049041595865142874,0.8224149375351594,0.050085709020241925,5
rq1,wavlm,crema_d,0.8266434878857059,0.014352112845434913,0.8252941268240527,0.014658536181157575,5
rq1,wavlm,emodb,0.9267788692830028,0.018813841039922903,0.9238158608907016,0.020359740619988267,5
rq1,wavlm,esd_zh,0.85775,0.04335671444540051,0.8562607407203146,0.046544800103829165,5
rq1,wavlm,ravdess,0.7785714285714286,0.025253813613805253,0.7724041189350432,0.0326254882731822,5
rq1,wavlm,subesco,0.8324999999999999,0.04167395769542414,0.8317322875125839,0.04247461188104373,5
