dataset,model,layer,alpha
emodb,hubert,0,0.05838540941476822
emodb,hubert,1,0.05841536447405815
emodb,hubert,2,0.05744665116071701
emodb,hubert,3,0.0915486291050911
emodb,hubert,4,0.0937172919511795
emodb,hubert,5,0.1002502515912056
emodb,hubert,6,0.09296458959579468
emodb,hubert,7,0.09039153903722763
emodb,hubert,8,0.08906694501638412
emodb,hubert,9,0.08492254465818405
emodb,hubert,10,0.06467795372009277
emodb,hubert,11,0.0589502677321434
emodb,hubert,12,0.05926262587308884
emodb,wavlm,0,0.06034575030207634
emodb,wavlm,1,0.06038844585418701
emodb,wavlm,2,0.059680838137865067
emodb,wavlm,3,0.08738771826028824
emodb,wavlm,4,0.09844780713319778
emodb,wavlm,5,0.10028276592493057
emodb,wavlm,6,0.1004488468170166
emodb,wavlm,7,0.08869335800409317
emodb,wavlm,8,0.07662569731473923
emodb,wavlm,9,0.07799602299928665
emodb,wavlm,10,0.06689932197332382
emodb,wavlm,11,0.059928469359874725
emodb,wavlm,12,0.06287483125925064
emodb,emotion2vec,0,0.14371439814567566
emodb,emotion2vec,1,0.09671902656555176
emodb,emotion2vec,2,0.10607355087995529
emodb,emotion2vec,3,0.13847044110298157
emodb,emotion2vec,4,0.13970282673835754
emodb,emotion2vec,5,0.11850114911794662
emodb,emotion2vec,6,0.08554841578006744
emodb,emotion2vec,7,0.08534324169158936
emodb,emotion2vec,8,0.08592696487903595
ravdess,hubert,0,0.04513179138302803
ravdess,hubert,1,0.04672914743423462
ravdess,hubert,2,0.04900508001446724
ravdess,hubert,3,0.06544230133295059
ravdess,hubert,4,0.07775814086198807
ravdess,hubert,5,0.09770319610834122
ravdess,hubert,6,0.11494150757789612
ravdess,hubert,7,0.10203972458839417
ravdess,hubert,8,0.10419397801160812
ravdess,hubert,9,0.09205178171396255
ravdess,hubert,10,0.08489545434713364
ravdess,hubert,11,0.06654255837202072
ravdess,hubert,12,0.053565435111522675
ravdess,wavlm,0,0.04312772676348686
ravdess,wavlm,1,0.04315574839711189
ravdess,wavlm,2,0.054777104407548904
ravdess,wavlm,3,0.10148432850837708
ravdess,wavlm,4,0.08836401998996735
ravdess,wavlm,5,0.11388164758682251
ravdess,wavlm,6,0.11043024808168411
ravdess,wavlm,7,0.10088856518268585
ravdess,wavlm,8,0.10281461477279663
ravdess,wavlm,9,0.08058546483516693
ravdess,wavlm,10,0.0624978132545948
ravdess,wavlm,11,0.05239751189947128
ravdess,wavlm,12,0.04559517651796341
ravdess,emotion2vec,0,0.1678992360830307
ravdess,emotion2vec,1,0.14264215528964996
ravdess,emotion2vec,2,0.0879727229475975
ravdess,emotion2vec,3,0.10898156464099884
ravdess,emotion2vec,4,0.12252405285835266
ravdess,emotion2vec,5,0.13316480815410614
ravdess,emotion2vec,6,0.07966496050357819
ravdess,emotion2vec,7,0.08782677352428436
ravdess,emotion2vec,8,0.06932370364665985
crema_d,hubert,0,0.009273778647184372
crema_d,hubert,1,0.015556666068732738
crema_d,hubert,2,0.029588917270302773
crema_d,hubert,3,0.02891908399760723
crema_d,hubert,4,0.04778870567679405
crema_d,hubert,5,0.05565064772963524
crema_d,hubert,6,0.20389796793460846
crema_d,hubert,7,0.26556891202926636
crema_d,hubert,8,0.20632347464561462
crema_d,hubert,9,0.07085683196783066
crema_d,hubert,10,0.029987480491399765
crema_d,hubert,11,0.021762177348136902
crema_d,hubert,12,0.014825400896370411
crema_d,wavlm,0,0.012507572770118713
crema_d,wavlm,1,0.0175787303596735
crema_d,wavlm,2,0.02849290333688259
crema_d,wavlm,3,0.04226427525281906
crema_d,wavlm,4,0.0664038136601448
crema_d,wavlm,5,0.18926073610782623
crema_d,wavlm,6,0.17190749943256378
crema_d,wavlm,7,0.1761104166507721
crema_d,wavlm,8,0.15136156976222992
crema_d,wavlm,9,0.06713686138391495
crema_d,wavlm,10,0.03340280428528786
crema_d,wavlm,11,0.02841702289879322
crema_d,wavlm,12,0.015155925415456295
crema_d,emotion2vec,0,0.42521631717681885
crema_d,emotion2vec,1,0.06730659306049347
crema_d,emotion2vec,2,0.03636864945292473
crema_d,emotion2vec,3,0.06270353496074677
crema_d,emotion2vec,4,0.12514866888523102
crema_d,emotion2vec,5,0.14300142228603363
crema_d,emotion2vec,6,0.02833111770451069
crema_d,emotion2vec,7,0.03334052115678787
crema_d,emotion2vec,8,0.07858306169509888
esd_zh,hubert,0,0.029306886717677116
esd_zh,hubert,1,0.03135676309466362
esd_zh,hubert,2,0.12109367549419403
esd_zh,hubert,3,0.17838019132614136
esd_zh,hubert,4,0.1717928946018219
esd_zh,hubert,5,0.13618963956832886
esd_zh,hubert,6,0.1365409940481186
esd_zh,hubert,7,0.05697200819849968
esd_zh,hubert,8,0.03481101617217064
esd_zh,hubert,9,0.026683595031499863
esd_zh,hubert,10,0.02545548416674137
esd_zh,hubert,11,0.025997988879680634
esd_zh,hubert,12,0.025418836623430252
esd_zh,wavlm,0,0.024537663906812668
esd_zh,wavlm,1,0.0361190028488636
esd_zh,wavlm,2,0.08331381529569626
esd_zh,wavlm,3,0.1894952356815338
esd_zh,wavlm,4,0.19960817694664001
esd_zh,wavlm,5,0.17794178426265717
esd_zh,wavlm,6,0.07083004713058472
esd_zh,wavlm,7,0.049772992730140686
esd_zh,wavlm,8,0.0383312962949276
esd_zh,wavlm,9,0.04079023003578186
esd_zh,wavlm,10,0.031065747141838074
esd_zh,wavlm,11,0.02911420725286007
esd_zh,wavlm,12,0.02907988429069519
esd_zh,emotion2vec,0,0.4841218590736389
esd_zh,emotion2vec,1,0.06075863167643547
esd_zh,emotion2vec,2,0.027182335034012794
esd_zh,emotion2vec,3,0.041506435722112656
esd_zh,emotion2vec,4,0.10168346762657166
esd_zh,emotion2vec,5,0.19178836047649384
esd_zh,emotion2vec,6,0.030837947502732277
esd_zh,emotion2vec,7,0.02586337737739086
esd_zh,emotion2vec,8,0.0362575463950634
subesco,hubert,0,0.015620796009898186
subesco,hubert,1,0.017594894394278526
subesco,hubert,2,0.01588902622461319
subesco,hubert,3,0.03407087177038193
subesco,hubert,4,0.27282658219337463
subesco,hubert,5,0.22622361779212952
subesco,hubert,6,0.1694255769252777
subesco,hubert,7,0.04456430673599243
subesco,hubert,8,0.09929172694683075
subesco,hubert,9,0.02755705639719963
subesco,hubert,10,0.03126531466841698
subesco,hubert,11,0.027946066111326218
subesco,hubert,12,0.01772422157227993
subesco,wavlm,0,0.016309142112731934
subesco,wavlm,1,0.01912452094256878
subesco,wavlm,2,0.03273870795965195
subesco,wavlm,3,0.05874057486653328
subesco,wavlm,4,0.08706160634756088
subesco,wavlm,5,0.2349909096956253
subesco,wavlm,6,0.2714892625808716
subesco,wavlm,7,0.11972366273403168
subesco,wavlm,8,0.07384178042411804
subesco,wavlm,9,0.022690165787935257
subesco,wavlm,10,0.024510782212018967
subesco,wavlm,11,0.02086447738111019
subesco,wavlm,12,0.017914455384016037
subesco,emotion2vec,0,0.5340963006019592
subesco,emotion2vec,1,0.03737196698784828
subesco,emotion2vec,2,0.027623500674962997
subesco,emotion2vec,3,0.05691231042146683
subesco,emotion2vec,4,0.10908403992652893
subesco,emotion2vec,5,0.15090738236904144
subesco,emotion2vec,6,0.028448117896914482
subesco,emotion2vec,7,0.03226405009627342
subesco,emotion2vec,8,0.02329239621758461
