dataset,model,n_layers,n_test,n_test_speakers,accuracy,accuracy_ci_lo,accuracy_ci_hi,macro_f1,macro_f1_ci_lo,macro_f1_ci_hi,layer_weights
emodb,hubert,13,139,4,0.9280575539568345,0.8848920863309353,0.964208633093525,0.9239057239057239,0.8768154643819771,0.9642529974906774,"[0.05838540941476822, 0.05841536447405815, 0.05744665116071701, 0.0915486291050911, 0.0937172919511795, 0.1002502515912056, 0.09296458959579468, 0.09039153903722763, 0.08906694501638412, 0.08492254465818405, 0.06467795372009277, 0.0589502677321434, 0.05926262587308884]"
emodb,wavlm,13,139,4,0.9424460431654677,0.9064748201438849,0.9784172661870504,0.9424501424501425,0.903073253806211,0.9773731064095263,"[0.06034575030207634, 0.06038844585418701, 0.059680838137865067, 0.08738771826028824, 0.09844780713319778, 0.10028276592493057, 0.1004488468170166, 0.08869335800409317, 0.07662569731473923, 0.07799602299928665, 0.06689932197332382, 0.059928469359874725, 0.06287483125925064]"
emodb,emotion2vec,9,139,4,0.9064748201438849,0.8633093525179856,0.9498201438848919,0.9021813138317993,0.852880617291383,0.9496172375531503,"[0.14371439814567566, 0.09671902656555176, 0.10607355087995529, 0.13847044110298157, 0.13970282673835754, 0.11850114911794662, 0.08554841578006744, 0.08534324169158936, 0.08592696487903595]"
ravdess,hubert,13,280,10,0.7607142857142857,0.7107142857142857,0.8107142857142857,0.7542283264586449,0.7009764047450004,0.8042139735827815,"[0.04513179138302803, 0.04672914743423462, 0.04900508001446724, 0.06544230133295059, 0.07775814086198807, 0.09770319610834122, 0.11494150757789612, 0.10203972458839417, 0.10419397801160812, 0.09205178171396255, 0.08489545434713364, 0.06654255837202072, 0.053565435111522675]"
ravdess,wavlm,13,280,10,0.7892857142857143,0.7428571428571429,0.8357142857142857,0.7841523164744465,0.73537781967027,0.832510950537597,"[0.04312772676348686, 0.04315574839711189, 0.054777104407548904, 0.10148432850837708, 0.08836401998996735, 0.11388164758682251, 0.11043024808168411, 0.10088856518268585, 0.10281461477279663, 0.08058546483516693, 0.0624978132545948, 0.05239751189947128, 0.04559517651796341]"
ravdess,emotion2vec,9,280,10,0.7071428571428572,0.6464285714285715,0.7571428571428571,0.6972243695700905,0.6341667461330536,0.7486101625399176,"[0.1678992360830307, 0.14264215528964996, 0.0879727229475975, 0.10898156464099884, 0.12252405285835266, 0.13316480815410614, 0.07966496050357819, 0.08782677352428436, 0.06932370364665985]"
crema_d,hubert,13,1939,36,0.8019597730789066,0.784412068076328,0.8205260443527591,0.8010345003746667,0.7839465566501895,0.8189589760407598,"[0.009273778647184372, 0.015556666068732738, 0.029588917270302773, 0.02891908399760723, 0.04778870567679405, 0.05565064772963524, 0.20389796793460846, 0.26556891202926636, 0.20632347464561462, 0.07085683196783066, 0.029987480491399765, 0.021762177348136902, 0.014825400896370411]"
crema_d,wavlm,13,1939,36,0.814853017019082,0.7978210417741104,0.8318720990201135,0.814110232901753,0.7976203156611019,0.8308343055868296,"[0.012507572770118713, 0.0175787303596735, 0.02849290333688259, 0.04226427525281906, 0.0664038136601448, 0.18926073610782623, 0.17190749943256378, 0.1761104166507721, 0.15136156976222992, 0.06713686138391495, 0.03340280428528786, 0.02841702289879322, 0.015155925415456295]"
crema_d,emotion2vec,9,1939,36,0.7596699329551315,0.7411036616812791,0.7782490974729241,0.7585888861442347,0.7399259144801885,0.7770930897458895,"[0.42521631717681885, 0.06730659306049347, 0.03636864945292473, 0.06270353496074677, 0.12514866888523102, 0.14300142228603363, 0.02833111770451069, 0.03334052115678787, 0.07858306169509888]"
esd_zh,hubert,13,1600,4,0.875625,0.859375,0.891875,0.8748520935865232,0.8589893809729965,0.890319789914033,"[0.029306886717677116, 0.03135676309466362, 0.12109367549419403, 0.17838019132614136, 0.1717928946018219, 0.13618963956832886, 0.1365409940481186, 0.05697200819849968, 0.03481101617217064, 0.026683595031499863, 0.02545548416674137, 0.025997988879680634, 0.025418836623430252]"
esd_zh,wavlm,13,1600,4,0.89,0.874375,0.905625,0.8895519117949877,0.8740915966953926,0.9050961520862932,"[0.024537663906812668, 0.0361190028488636, 0.08331381529569626, 0.1894952356815338, 0.19960817694664001, 0.17794178426265717, 0.07083004713058472, 0.049772992730140686, 0.0383312962949276, 0.04079023003578186, 0.031065747141838074, 0.02911420725286007, 0.02907988429069519]"
esd_zh,emotion2vec,9,1600,4,0.785,0.764375,0.8037656249999999,0.7824876655354946,0.7616840566568144,0.8009886247949706,"[0.4841218590736389, 0.06075863167643547, 0.027182335034012794, 0.041506435722112656, 0.10168346762657166, 0.19178836047649384, 0.030837947502732277, 0.02586337737739086, 0.0362575463950634]"
subesco,hubert,13,1600,8,0.87625,0.86,0.893125,0.8752584384919326,0.858583815283033,0.8907887437060552,"[0.015620796009898186, 0.017594894394278526, 0.01588902622461319, 0.03407087177038193, 0.27282658219337463, 0.22622361779212952, 0.1694255769252777, 0.04456430673599243, 0.09929172694683075, 0.02755705639719963, 0.03126531466841698, 0.027946066111326218, 0.01772422157227993]"
subesco,wavlm,13,1600,8,0.895625,0.880609375,0.91,0.896012556055725,0.8805926939983637,0.9099163188574201,"[0.016309142112731934, 0.01912452094256878, 0.03273870795965195, 0.05874057486653328, 0.08706160634756088, 0.2349909096956253, 0.2714892625808716, 0.11972366273403168, 0.07384178042411804, 0.022690165787935257, 0.024510782212018967, 0.02086447738111019, 0.017914455384016037]"
subesco,emotion2vec,9,1600,8,0.84375,0.825625,0.8606406249999999,0.843587459501583,0.8254399166242413,0.8604414114822785,"[0.5340963006019592, 0.03737196698784828, 0.027623500674962997, 0.05691231042146683, 0.10908403992652893, 0.15090738236904144, 0.028448117896914482, 0.03226405009627342, 0.02329239621758461]"
