dataset,model,n_classes,classes,n_test,n_test_speakers,accuracy,accuracy_ci_lo,accuracy_ci_hi,macro_f1,macro_f1_ci_lo,macro_f1_ci_hi
emodb_full,hubert,7,"angry,boredom,disgust,fear,happy,neutral,sad",218,4,0.8944954128440367,0.8486238532110092,0.9357798165137615,0.8897006556838799,0.844968914957775,0.9296421079357119
emodb_full,wavlm,7,"angry,boredom,disgust,fear,happy,neutral,sad",218,4,0.8899082568807339,0.8486238532110092,0.9311926605504587,0.8949619706088338,0.8527866907052866,0.9317536210173744
emodb_full,emotion2vec,7,"angry,boredom,disgust,fear,happy,neutral,sad",218,4,0.8807339449541285,0.8393348623853211,0.9220183486238532,0.8791143413842529,0.8322732588375887,0.9202500437210117
ravdess_full,hubert,8,"angry,calm,disgust,fearful,happy,neutral,sad,surprised",600,10,0.7183333333333334,0.6833333333333333,0.7533749999999999,0.7111447614216482,0.6717187106844549,0.7459996544011399
ravdess_full,wavlm,8,"angry,calm,disgust,fearful,happy,neutral,sad,surprised",600,10,0.7316666666666667,0.6983333333333334,0.7683333333333333,0.7331648797019411,0.6973275055845083,0.7674872631703333
ravdess_full,emotion2vec,8,"angry,calm,disgust,fearful,happy,neutral,sad,surprised",600,10,0.6033333333333334,0.565,0.6433333333333333,0.5902448072973796,0.5491580354441814,0.6282636889044007
subesco_full,hubert,7,"angry,disgust,fear,happy,neutral,sad,surprise",2800,8,0.7028571428571428,0.6857142857142857,0.7196428571428571,0.7052203847073512,0.6892618430903356,0.7214175933920375
subesco_full,wavlm,7,"angry,disgust,fear,happy,neutral,sad,surprise",2800,8,0.7021428571428572,0.685,0.7189285714285715,0.7020409841923125,0.684616437766095,0.7176960874739292
subesco_full,emotion2vec,7,"angry,disgust,fear,happy,neutral,sad,surprise",2800,8,0.705,0.6875,0.7232142857142857,0.7057661882724526,0.6886983040519614,0.723349611142373
