dataset,model,n_classes,classes,n_total,acc_mean,acc_std,acc_per_fold,f1_mean,f1_std,f1_per_fold
emodb_full,hubert,7,"angry,boredom,disgust,fear,happy,neutral,sad",535,0.9609014675052412,0.0202182700581042,0.9444;0.9444;0.9630;0.9259;0.9444;0.9623;0.9811;0.9811;0.9811;0.9811,0.960134916949716,0.0206616220831641,0.9340;0.9426;0.9634;0.9502;0.9276;0.9627;0.9875;0.9780;0.9766;0.9786
emodb_full,wavlm,7,"angry,boredom,disgust,fear,happy,neutral,sad",535,0.9477638015373864,0.0286476233307025,0.9074;0.9815;0.9630;0.9259;0.9074;0.9245;0.9811;0.9623;0.9623;0.9623,0.9339493653787374,0.0543751852753347,0.7970;0.9815;0.9303;0.9502;0.8953;0.9326;0.9802;0.9577;0.9599;0.9548
emodb_full,emotion2vec,7,"angry,boredom,disgust,fear,happy,neutral,sad",535,0.8880153738644306,0.0616321234603422,0.9074;0.8704;0.9815;0.7778;0.8148;0.9245;0.8868;0.8491;0.9434;0.9245,0.8816860734765422,0.0705010703082403,0.8778;0.8678;0.9852;0.7797;0.7899;0.9257;0.9037;0.8076;0.9530;0.9265
ravdess_full,hubert,8,"angry,calm,disgust,fearful,happy,neutral,sad,surprised",1440,0.8743055555555556,0.0307879072558717,0.8611;0.9097;0.8819;0.8333;0.8472;0.8333;0.8819;0.8958;0.9236;0.8750,0.8724914169501117,0.0298364446343026,0.8651;0.9029;0.8760;0.8288;0.8521;0.8338;0.8790;0.8912;0.9254;0.8707
ravdess_full,wavlm,8,"angry,calm,disgust,fearful,happy,neutral,sad,surprised",1440,0.88125,0.0260763657715535,0.8403;0.9028;0.9167;0.8472;0.8750;0.8611;0.9097;0.8958;0.8750;0.8889,0.8717155826586129,0.0264695193629381,0.8385;0.8939;0.8997;0.8168;0.8712;0.8604;0.8930;0.8840;0.8745;0.8850
ravdess_full,emotion2vec,8,"angry,calm,disgust,fearful,happy,neutral,sad,surprised",1440,0.75,0.0290967710416123,0.7431;0.7292;0.7847;0.6944;0.7431;0.7639;0.7708;0.7639;0.7847;0.7222,0.7380725257249874,0.0373452617444469,0.7362;0.7068;0.7749;0.6717;0.7370;0.7660;0.7532;0.7484;0.7914;0.6951
subesco_full,hubert,7,"angry,disgust,fear,happy,neutral,sad,surprise",7000,0.9069999999999998,0.0086360001659456,0.9071;0.9143;0.9086;0.9157;0.9071;0.8971;0.8900;0.9014;0.9114;0.9171,0.9069433114422084,0.0081717984826799,0.9066;0.9126;0.9075;0.9136;0.9065;0.8993;0.8895;0.9031;0.9133;0.9174
subesco_full,wavlm,7,"angry,disgust,fear,happy,neutral,sad,surprise",7000,0.9124285714285714,0.008730014428821837,0.9129;0.8986;0.9057;0.9129;0.9143;0.9186;0.9071;0.9086;0.9143;0.9314,0.9119877290276817,0.009716268843087609,0.9136;0.8945;0.9046;0.9106;0.9145;0.9206;0.9065;0.9084;0.9161;0.9305
subesco_full,emotion2vec,7,"angry,disgust,fear,happy,neutral,sad,surprise",7000,0.8841428571428571,0.01244397877327628,0.8914;0.8829;0.8714;0.8757;0.8714;0.8743;0.8771;0.9014;0.9057;0.8900,0.8835779525286412,0.013355266148404548,0.8908;0.8814;0.8682;0.8725;0.8712;0.8763;0.8771;0.9019;0.9077;0.8886
