model,pair,spearman_rho,p
hubert,en-de,0.6,0.208
hubert,en-zh,0.7142857142857143,0.11078717201166179
hubert,en-bn,0.5428571428571429,0.26570262390670546
hubert,de-zh,0.8285714285714287,0.04156268221574335
hubert,de-bn,-0.028571428571428574,0.9571545189504373
hubert,zh-bn,0.4285714285714286,0.3965014577259473
wavlm,en-de,0.6,0.208
wavlm,en-zh,0.7142857142857143,0.11078717201166179
wavlm,en-bn,0.4285714285714286,0.3965014577259473
wavlm,de-zh,0.8285714285714287,0.04156268221574335
wavlm,de-bn,-0.08571428571428573,0.8717434402332361
wavlm,zh-bn,0.2571428571428572,0.6227871720116619
emotion2vec,en-de,0.6,0.208
emotion2vec,en-zh,0.6,0.208
emotion2vec,en-bn,0.3714285714285715,0.4684781341107872
emotion2vec,de-zh,1.0,0.0
emotion2vec,de-bn,0.08571428571428573,0.8717434402332361
emotion2vec,zh-bn,0.08571428571428573,0.8717434402332361
