model,pair,rho_observed,p_value,null_mean,null_std,n_perms,n_utts_a,n_utts_b
hubert,en-de,0.6,0.129,-0.054628571428571436,0.46918245693139243,1000,5572,339
hubert,en-zh,0.7142857142857143,0.06,-0.06297142857142858,0.41804644646597755,1000,5572,4000
hubert,en-bn,0.5428571428571429,0.131,0.020285714285714292,0.42664603967422493,1000,5572,4000
hubert,de-zh,0.8285714285714287,0.03,0.040228571428571426,0.39808076265969217,1000,339,4000
hubert,de-bn,-0.028571428571428574,0.283,-0.238,0.40295440163971563,1000,339,4000
hubert,zh-bn,0.4285714285714286,0.23,0.00491428571428572,0.46069903798858064,1000,4000,4000
wavlm,en-de,0.6,0.137,-0.037657142857142875,0.4725756196501427,1000,5572,339
wavlm,en-zh,0.7142857142857143,0.057,-0.003257142857142849,0.4109380705811461,1000,5572,4000
wavlm,en-bn,0.4285714285714286,0.266,0.05908571428571429,0.4616850136481988,1000,5572,4000
wavlm,de-zh,0.8285714285714287,0.031,0.04211428571428572,0.4079127109057697,1000,339,4000
wavlm,de-bn,-0.08571428571428573,0.292,-0.3070857142857143,0.40540211916708574,1000,339,4000
wavlm,zh-bn,0.2571428571428572,0.356,0.010571428571428574,0.46415956002045555,1000,4000,4000
emotion2vec,en-de,0.6,0.132,-0.0644,0.46562231262641035,1000,5572,339
emotion2vec,en-zh,0.6,0.131,-0.06485714285714286,0.47319098218794425,1000,5572,4000
emotion2vec,en-bn,0.3714285714285715,0.342,0.09285714285714286,0.47143875466210516,1000,5572,4000
emotion2vec,de-zh,1.0,0.004,0.19885714285714287,0.42271937649355495,1000,339,4000
emotion2vec,de-bn,0.08571428571428573,0.162,-0.32342857142857145,0.37728998859046425,1000,339,4000
emotion2vec,zh-bn,0.08571428571428573,0.464,-0.013599999999999996,0.46271223454729926,1000,4000,4000
